4chan.org,?
8ch.net,?
acpeds.org,splc
actforamerica.org,splc
adflegal.org,splc
alexlinder.com,splc
americanborderpatrol.com,splc
americanfreedomalliance.org,?
americanfreedomunion.com,splc
americanidentitymovement.com,splc
americannaziparty.com,splc
americanvision.org,splc
apfeurope.com,eu
arktos.com,eu
barenakedislam.com,splc
bloodandhonourworldwide.co.uk,splc
breitbart.com,?
c-fam.org,splc
capsweb.org,splc
casapounditalia.org,eu
catholicfamilyministries.com,splc
cfns.us,splc
chalcedon.edu,splc
conservative-headlines.org,splc
counter-currents.com,splc
counterjihadcoalition.org,splc
crtpac.com,splc
culturewars.com,splc
dailycaller.com,?
dailywire.com,?
dangerous.com,?
davidduke.com,?
eutimes.net,?
faithandheritage.com,?
fgfbooks.com,splc
fiammatricolore.com,eu
forzanuova.eu,eu
freedomainradio.com,splc
frc.org,splc
freerepublic.com,?
familywatch.org,splc
frontpagemag.com,splc
gab.com,?
gatestoneinstitute.org,?
gellerreport.com,splc
godhatesfags.com,splc
horowitzfreedomcenter.org,splc
infowars.com,splc
irvingbooks.com,splc
jdl.org,splc
jdl-canada.com,splc
jihadwatch.org,splc
jobbik.hu,eu
jtf.org,splc
kevinmacdonald.net,splc
kiwifarms.net,?
kuruc.info,eu
leagueofthesouth.com,splc
les-identitaires.com,eu
metapedia.org,?
moonbattery.com,?
naseslovensko.net,?
natall.com,splc
nationalfront.info,eu
nationallibertyalliance.org,splc
nationalpolicy.institute,splc
nationalvanguard.org,splc
niggermania.com,?
noi.org,splc
nop.org.pl,eu
nordicresistancemovement.org,eu
northwestfront.org,splc
notpoliticallycorrect.me,?
npd.de,eu
nsm88.org,splc
nvu.info,eu
officialproudboys.com,splc
pacificjustice.org,splc
patriotfront.us,splc
politicalislam.com,splc
politicalvelcraft.org,?
prageru.com,?
profam.org,splc
rnpaheadquarters.org,splc
realhistoryww.com,?
redice.tv,splc
redpillreligion.com,?
renewamerica.com,?
republicstandard.com,?
resist.com,?
beasstproductions.com,splc
returnofkings.com,splc
isdrecords.com,splc
ripostelaique.com,eu
label56.com,splc
rooshv.com,splc
rooshvstore.com,splc
msrproductions.com,splc
rooshvforum.com,splc
runestone.org,splc
slymepit.com,?
stormfront.org,splc
sadisticsoulsmc.org,splc
pccmonroe.org,splc
unitedriotrecords.com,splc
tbm.org,splc
theamericanfreedomparty.us,splc
theoccidentalobserver.net,splc
thepoliticalcesspool.org,splc
theremembranceproject.org,splc
therightstuff.biz,splc
thesocialcontract.com,splc
tightroperecords.com,splc
toqonline.com,splc
understandingthethreat.com,?
unitedfamilies.org,splc
unz.com,?
vachristian.org,splc
vanguardnewsnetwork.com,splc
vapauspuolue.fi,eu
vdare.com,splc
vnnforum.com,splc
voat.co,?
voorpost.org,?
washsummit.com,?
whitehonor.com,?
wnd.com,splc
xrisiavgi.com,eu
